{"cameraMode":{"drawMode":0,"name":"Shaded","section":"Shading Mode"},"sceneLighting":false,"audioPlay":false,"sceneViewState":{"showFog":true,"showMaterialUpdate":false,"showSkybox":true,"showFlares":true,"showImageEffects":true,"showParticleSystems":true},"in2DMode":false,"pivot":{"x":2.359999895095825,"y":0.26999998092651369,"z":-2.569999933242798},"rotation":{"x":-0.19571548700332642,"y":-0.7636581659317017,"z":0.5526533722877502,"w":-0.27063459157943728},"size":2.8578836917877199,"orthographic":false}