{"cameraMode":{"drawMode":0,"name":"Shaded","section":"Shading Mode"},"sceneLighting":false,"audioPlay":false,"sceneViewState":{"showFog":true,"showMaterialUpdate":false,"showSkybox":true,"showFlares":true,"showImageEffects":true,"showParticleSystems":true},"in2DMode":false,"pivot":{"x":2.808037757873535,"y":6.902772903442383,"z":-1.008887767791748},"rotation":{"x":0.0005103257717564702,"y":-0.9993811845779419,"z":0.015602192841470242,"w":0.03359770029783249},"size":0.43815696239471438,"orthographic":false}