{"cameraMode":{"drawMode":0,"name":"Shaded","section":"Shading Mode"},"sceneLighting":false,"audioPlay":false,"sceneViewState":{"showFog":true,"showMaterialUpdate":false,"showSkybox":true,"showFlares":true,"showImageEffects":true,"showParticleSystems":true},"in2DMode":false,"pivot":{"x":4.110000133514404,"y":3.085339069366455,"z":-0.03781282901763916},"rotation":{"x":-0.13910195231437684,"y":0.78852379322052,"z":-0.19348925352096559,"w":-0.5669993758201599},"size":9.58649730682373,"orthographic":false}